Date,Actual,RandomWalk,Persistence
2021-02-11,-0.008478464657924508,0.0,0.06446761605839371
2021-02-12,-0.008441745251820123,0.0,-0.008478464657924508
2021-02-13,0.033643879906238475,0.0,-0.008441745251820123
2021-02-14,-0.015978235928812496,0.0,0.033643879906238475
2021-02-15,0.0258352607407487,0.0,-0.015978235928812496
2021-02-16,0.058214152169521576,0.0,0.0258352607407487
2021-02-17,-0.009038226589304248,0.0,0.058214152169521576
2021-02-18,0.07828513543693166,0.0,-0.009038226589304248
2021-02-19,0.0037751835203801024,0.0,0.07828513543693166
2021-02-20,0.02535215971053203,0.0,0.0037751835203801024
2021-02-21,-0.05966344725525414,0.0,0.02535215971053203
2021-02-22,-0.10458524450100902,0.0,-0.05966344725525414
2021-02-23,0.017881495738120444,0.0,-0.10458524450100902
2021-02-24,-0.053969759252051705,0.0,0.017881495738120444
2021-02-25,-0.016142075456887308,0.0,-0.053969759252051705
2021-02-26,-0.0032705424799890207,0.0,-0.016142075456887308
2021-02-27,-0.02301047656676125,0.0,-0.0032705424799890207
2021-02-28,0.09490116032713884,0.0,-0.02301047656676125
2021-03-01,-0.025554925208490772,0.0,0.09490116032713884
2021-03-02,0.043664727693901485,0.0,-0.025554925208490772
2021-03-03,-0.0399061221991278,0.0,0.043664727693901485
2021-03-04,0.007511420176535919,0.0,-0.0399061221991278
2021-03-05,-0.0003050270395783075,0.0,0.007511420176535919
2021-03-06,0.0458396233606819,0.0,-0.0003050270395783075
2021-03-07,0.020103136515502152,0.0,0.0458396233606819
2021-03-08,0.048156840253235314,0.0,0.020103136515502152
2021-03-09,0.021374179798027783,0.0,0.048156840253235314
2021-03-10,0.031573000390297756,0.0,0.021374179798027783
2021-03-11,-0.008216872853115568,0.0,0.031573000390297756
2021-03-12,0.06599046126171279,0.0,-0.008216872853115568
2021-03-13,-0.03220259265928875,0.0,0.06599046126171279
2021-03-14,-0.05895520841682183,0.0,-0.03220259265928875
2021-03-15,0.015929471547609108,0.0,-0.05895520841682183
2021-03-16,0.03572418708035779,0.0,0.015929471547609108
2021-03-17,-0.017339151916613386,0.0,0.03572418708035779
2021-03-18,0.008394319050580128,0.0,-0.017339151916613386
2021-03-19,-0.0005658791253751102,0.0,0.008394319050580128
2021-03-20,-0.013643904139846409,0.0,-0.0005658791253751102
2021-03-21,-0.05345688104443306,0.0,-0.013643904139846409
2021-03-22,0.0038401154329438564,0.0,-0.05345688104443306
2021-03-23,-0.036551757777657644,0.0,0.0038401154329438564
2021-03-24,-0.020485432915556448,0.0,-0.036551757777657644
2021-03-25,0.06428841931989358,0.0,-0.020485432915556448
2021-03-26,0.015051908974823298,0.0,0.06428841931989358
2021-03-27,-0.0004068041327035923,0.0,0.015051908974823298
2021-03-28,0.03165502939331705,0.0,-0.0004068041327035923
2021-03-29,0.020014609919984168,0.0,0.03165502939331705
2021-03-30,1.935944759335448e-05,0.0,0.020014609919984168
2021-03-31,0.0029992328786879927,0.0,1.935944759335448e-05
2021-04-01,0.004870090844088338,0.0,0.0029992328786879927
2021-04-02,-0.030439981167968613,0.0,0.004870090844088338
2021-04-03,0.019846643132378484,0.0,-0.030439981167968613
2021-04-04,0.005081207326213134,0.0,0.019846643132378484
2021-04-05,-0.01476389754962159,0.0,0.005081207326213134
2021-04-06,-0.037528870853164246,0.0,-0.01476389754962159
2021-04-07,0.03978767570422682,0.0,-0.037528870853164246
2021-04-08,-0.001354549836114697,0.0,0.03978767570422682
2021-04-09,0.026234198096664975,0.0,-0.001354549836114697
2021-04-10,0.006862304387402612,0.0,0.026234198096664975
2021-04-11,-0.005187618998143358,0.0,0.006862304387402612
2021-04-12,0.05852714345026763,0.0,-0.005187618998143358
2021-04-13,-0.006219938149170958,0.0,0.05852714345026763
2021-04-14,0.003232251116976691,0.0,-0.006219938149170958
2021-04-15,-0.027886621874568536,0.0,0.003232251116976691
2021-04-16,-0.014542926101405163,0.0,-0.027886621874568536
2021-04-17,-0.07647243109811933,0.0,-0.014542926101405163
2021-04-18,-0.008788979117796622,0.0,-0.07647243109811933
2021-04-19,0.013347500558966063,0.0,-0.008788979117796622
2021-04-20,-0.04651974554182734,0.0,0.013347500558966063
2021-04-21,-0.040581883746807136,0.0,-0.04651974554182734
2021-04-22,-0.013001302685204313,0.0,-0.040581883746807136
2021-04-23,-0.020620437180110716,0.0,-0.013001302685204313
2021-04-24,-0.02113272327896639,0.0,-0.020620437180110716
2021-04-25,0.09747970680195452,0.0,-0.02113272327896639
2021-04-26,0.01854831914865377,0.0,0.09747970680195452
2021-04-27,-0.0037942553737364284,0.0,0.01854831914865377
2021-04-28,-0.023429673825133245,0.0,-0.0037942553737364284
2021-04-29,0.07541518772096198,0.0,-0.023429673825133245
2021-04-30,0.0013475723603123622,0.0,0.07541518772096198
2021-05-01,-0.020916047590224387,0.0,0.0013475723603123622
2021-05-02,0.010001102205402288,0.0,-0.020916047590224387
2021-05-03,-0.06999363622377694,0.0,0.010001102205402288
2021-05-04,0.07389708647447689,0.0,-0.06999363622377694
2021-05-05,-0.018055093557641698,0.0,0.07389708647447689
2021-05-06,0.016877096781434925,0.0,-0.018055093557641698
2021-05-07,0.024921619702789645,0.0,0.016877096781434925
2021-05-08,-0.009765628034028508,0.0,0.024921619702789645
2021-05-09,-0.041595541159714526,0.0,-0.009765628034028508
2021-05-10,0.015009957344289306,0.0,-0.041595541159714526
2021-05-11,-0.142967146773037,0.0,0.015009957344289306
2021-05-12,0.011442928110092723,0.0,-0.142967146773037
2021-05-13,0.003300186759766157,0.0,0.011442928110092723
2021-05-14,-0.06459870319528387,0.0,0.003300186759766157
2021-05-15,-0.006525257090234029,0.0,-0.06459870319528387
2021-05-16,-0.0648839844864655,0.0,-0.006525257090234029
2021-05-17,-0.014531934084628221,0.0,-0.0648839844864655
2021-05-18,-0.14810707635188664,0.0,-0.014531934084628221
2021-05-19,0.0972750161239599,0.0,-0.14810707635188664
2021-05-20,-0.08913981683679192,0.0,0.0972750161239599
2021-05-21,0.0061982374372439785,0.0,-0.08913981683679192
2021-05-22,-0.07654564579833298,0.0,0.0061982374372439785
2021-05-23,0.10722243682664231,0.0,-0.07654564579833298
2021-05-24,-0.007878782581024249,0.0,0.10722243682664231
2021-05-25,0.022961565812768543,0.0,-0.007878782581024249
2021-05-26,-0.02205718107153495,0.0,0.022961565812768543
2021-05-27,-0.07393611150144239,0.0,-0.02205718107153495
2021-05-28,-0.030765691542153008,0.0,-0.07393611150144239
2021-05-29,0.030219944078986264,0.0,-0.030765691542153008
2021-05-30,0.04533591723246496,0.0,0.030219944078986264
2021-05-31,-0.01750785357311659,0.0,0.04533591723246496
2021-06-01,0.02397778870231388,0.0,-0.01750785357311659
2021-06-02,0.042556616951370016,0.0,0.02397778870231388
2021-06-03,-0.06084038726712561,0.0,0.042556616951370016
2021-06-04,-0.03706474257477647,0.0,-0.06084038726712561
2021-06-05,0.008693599850188834,0.0,-0.03706474257477647
2021-06-06,-0.06633285563534304,0.0,0.008693599850188834
2021-06-07,-0.002627775063457771,0.0,-0.06633285563534304
2021-06-08,0.10947410238213756,0.0,-0.002627775063457771
2021-06-09,-0.017354742993128305,0.0,0.10947410238213756
2021-06-10,0.017067578415986145,0.0,-0.017354742993128305
2021-06-11,-0.048904195040405544,0.0,0.017067578415986145
2021-06-12,0.09505680129465752,0.0,-0.048904195040405544
2021-06-13,0.02825878796632069,0.0,0.09505680129465752
2021-06-14,0.004658453327527578,0.0,0.02825878796632069
2021-06-15,-0.052307031596144006,0.0,0.004658453327527578
2021-06-16,-0.007684760787668957,0.0,-0.052307031596144006
2021-06-17,-0.06140159139173661,0.0,-0.007684760787668957
2021-06-18,-0.004800219817294286,0.0,-0.06140159139173661
2021-06-19,0.0023116253137915738,0.0,-0.004800219817294286
2021-06-20,-0.119521795848678,0.0,0.0023116253137915738
2021-06-21,0.025833047609393114,0.0,-0.119521795848678
2021-06-22,0.03676667515561315,0.0,0.025833047609393114
2021-06-23,0.027475699857643344,0.0,0.03676667515561315
2021-06-24,-0.09130465397426267,0.0,0.027475699857643344
2021-06-25,0.01718823840092292,0.0,-0.09130465397426267
2021-06-26,0.0737472744793095,0.0,0.01718823840092292
2021-06-27,-0.006233262455755746,0.0,0.0737472744793095
2021-06-28,0.040785121124139886,0.0,-0.006233262455755746
2021-06-29,-0.02332520296585249,0.0,0.040785121124139886
2021-06-30,-0.04281824560087459,0.0,-0.02332520296585249
2021-07-01,0.00963202091343982,0.0,-0.04281824560087459
2021-07-02,0.022504948021345134,0.0,0.00963202091343982
2021-07-03,0.017703918010918158,0.0,0.022504948021345134
2021-07-04,-0.04467475626166748,0.0,0.017703918010918158
2021-07-05,0.014392210079461632,0.0,-0.04467475626166748
2021-07-06,-0.011157826650301255,0.0,0.014392210079461632
2021-07-07,-0.029311778537964177,0.0,-0.011157826650301255
2021-07-08,0.02761736344787324,0.0,-0.029311778537964177
2021-07-09,-0.0082442012335933,0.0,0.02761736344787324
2021-07-10,0.021242252673874872,0.0,-0.0082442012335933
2021-07-11,-0.032180926347831006,0.0,0.021242252673874872
2021-07-12,-0.013782086425800635,0.0,-0.032180926347831006
2021-07-13,0.0036725998364308425,0.0,-0.013782086425800635
2021-07-14,-0.032249468356842406,0.0,0.0036725998364308425
2021-07-15,-0.01136653085848622,0.0,-0.032249468356842406
2021-07-16,0.003543169217346287,0.0,-0.01136653085848622
2021-07-17,0.008329203113175575,0.0,0.003543169217346287
2021-07-18,-0.031272502988710885,0.0,0.008329203113175575
2021-07-19,-0.033338555734212405,0.0,-0.031272502988710885
2021-07-20,0.07443417235693212,0.0,-0.033338555734212405
2021-07-21,0.006283788882169604,0.0,0.07443417235693212
2021-07-22,0.038503942271904575,0.0,0.006283788882169604
2021-07-23,0.020948244356669858,0.0,0.038503942271904575
2021-07-24,0.030378619797658737,0.0,0.020948244356669858
2021-07-25,0.05469542869161192,0.0,0.030378619797658737
2021-07-26,0.0539428534880362,0.0,0.05469542869161192
2021-07-27,0.01483512651645551,0.0,0.0539428534880362
2021-07-28,0.00031287370059631146,0.0,0.01483512651645551
2021-07-29,0.0541722306526184,0.0,0.00031287370059631146
2021-07-30,-0.014532545375150554,0.0,0.0541722306526184
2021-07-31,-0.04047804375571393,0.0,-0.014532545375150554
2021-08-01,-0.01952524946480863,0.0,-0.04047804375571393
2021-08-02,-0.0271224912051319,0.0,-0.01952524946480863
2021-08-03,0.04094316463847637,0.0,-0.0271224912051319
2021-08-04,0.027838357371246687,0.0,0.04094316463847637
2021-08-05,0.04653814062641624,0.0,0.027838357371246687
2021-08-06,0.03981881145877593,0.0,0.04653814062641624
2021-08-07,-0.017151523902089738,0.0,0.03981881145877593
2021-08-08,0.056962712090068326,0.0,-0.017151523902089738
2021-08-09,-0.01697414139260822,0.0,0.056962712090068326
2021-08-10,0.0001887605723412682,0.0,-0.01697414139260822
2021-08-11,-0.025891753544200504,0.0,0.0001887605723412682
2021-08-12,0.07300947971891747,0.0,-0.025891753544200504
2021-08-13,-0.014677743757973101,0.0,0.07300947971891747
2021-08-14,-0.0010609584864258955,0.0,-0.014677743757973101
2021-08-15,-0.02240830692116523,0.0,-0.0010609584864258955
2021-08-16,-0.02886919903458737,0.0,-0.02240830692116523
2021-08-17,0.002364966650012081,0.0,-0.02886919903458737
2021-08-18,0.04188585333234935,0.0,0.002364966650012081
2021-08-19,0.05459790698385328,0.0,0.04188585333234935
2021-08-20,-0.008828701235467067,0.0,0.05459790698385328
2021-08-21,0.008473475397263706,0.0,-0.008828701235467067
2021-08-22,0.0045413466832814305,0.0,0.008473475397263706
2021-08-23,-0.03784489433094968,0.0,0.0045413466832814305
2021-08-24,0.02596012195042943,0.0,-0.03784489433094968
2021-08-25,-0.0421022974523753,0.0,0.02596012195042943
2021-08-26,0.04409943030226678,0.0,-0.0421022974523753
2021-08-27,-0.0031903644385737097,0.0,0.04409943030226678
2021-08-28,-0.0014850847584068098,0.0,-0.0031903644385737097
2021-08-29,-0.03702463994727715,0.0,-0.0014850847584068098
2021-08-30,0.002371071858731938,0.0,-0.03702463994727715
2021-08-31,0.03500565378801719,0.0,0.002371071858731938
2021-09-01,0.00979272478817146,0.0,0.03500565378801719
2021-09-02,0.014044128006187486,0.0,0.00979272478817146
2021-09-03,-0.0016154849967335088,0.0,0.014044128006187486
2021-09-04,0.035575435016673145,0.0,-0.0016154849967335088
2021-09-05,0.0168631403802205,0.0,0.035575435016673145
2021-09-06,-0.11723249529729855,0.0,0.0168631403802205
2021-09-07,-0.015494793572991005,0.0,-0.11723249529729855
2021-09-08,0.006488390533953229,0.0,-0.015494793572991005
2021-09-09,-0.03303518664446581,0.0,0.006488390533953229
2021-09-10,0.0070499394103558715,0.0,-0.03303518664446581
2021-09-11,0.01888655452823882,0.0,0.0070499394103558715
2021-09-12,-0.024174296052118335,0.0,0.01888655452823882
2021-09-13,0.046272006777909304,0.0,-0.024174296052118335
2021-09-14,0.022754601314508963,0.0,0.046272006777909304
2021-09-15,-0.0081907394359386,0.0,0.022754601314508963
2021-09-16,-0.010854079709278335,0.0,-0.0081907394359386
2021-09-17,0.02116012615402399,0.0,-0.010854079709278335
2021-09-18,-0.021314594702563614,0.0,0.02116012615402399
2021-09-19,-0.09810793836995628,0.0,-0.021314594702563614
2021-09-20,-0.051488267863326775,0.0,-0.09810793836995628
2021-09-21,0.06839960199678301,0.0,-0.051488267863326775
2021-09-22,0.02985630902322461,0.0,0.06839960199678301
2021-09-23,-0.04686219528987527,0.0,0.02985630902322461
2021-09-24,-0.002878952738409655,0.0,-0.04686219528987527
2021-09-25,0.011450682044497961,0.0,-0.002878952738409655
2021-09-26,-0.022771582829569807,0.0,0.011450682044497961
2021-09-27,-0.028852332947741827,0.0,-0.022771582829569807
2021-09-28,0.012828924814572349,0.0,-0.028852332947741827
2021-09-29,0.05218276011816411,0.0,0.012828924814572349
2021-09-30,0.09420841893127979,0.0,0.05218276011816411
2021-10-01,-0.008462113921141138,0.0,0.09420841893127979
2021-10-02,0.010185835179136425,0.0,-0.008462113921141138
2021-10-03,0.018763728593427256,0.0,0.010185835179136425
2021-10-04,0.047747610534684515,0.0,0.018763728593427256
2021-10-05,0.07201410137731079,0.0,0.047747610534684515
2021-10-06,-0.028498794333346032,0.0,0.07201410137731079
2021-10-07,0.0030037607441677503,0.0,-0.028498794333346032
2021-10-08,0.01836679291081593,0.0,0.0030037607441677503
2021-10-09,-0.003583836316874845,0.0,0.01836679291081593
2021-10-10,0.04834896270757248,0.0,-0.003583836316874845
2021-10-11,-0.02543576350608531,0.0,0.04834896270757248
2021-10-12,0.023978814816483514,0.0,-0.02543576350608531
2021-10-13,-0.0013872457018979745,0.0,0.023978814816483514
2021-10-14,0.0718874583745788,0.0,-0.0013872457018979745
2021-10-15,-0.011458884632588321,0.0,0.0718874583745788
2021-10-16,0.010803865067540788,0.0,-0.011458884632588321
2021-10-17,0.007646292349290159,0.0,0.010803865067540788
2021-10-18,0.03541344366049976,0.0,0.007646292349290159
2021-10-19,0.026577834542035658,0.0,0.03541344366049976
2021-10-20,-0.059027668390729156,0.0,0.026577834542035658
2021-10-21,-0.02470225108270476,0.0,-0.059027668390729156
2021-10-22,0.011489604888576206,0.0,-0.02470225108270476
2021-10-23,-0.007566491344887265,0.0,0.011489604888576206
2021-10-24,0.03402727333400422,0.0,-0.007566491344887265
2021-10-25,-0.04337718610106227,0.0,0.03402727333400422
2021-10-26,-0.03166384386368273,0.0,-0.04337718610106227
2021-10-27,0.03593449158802419,0.0,-0.03166384386368273
2021-10-28,0.026144375505153635,0.0,0.03593449158802419
2021-10-29,-0.0054647503804892625,0.0,0.026144375505153635
2021-10-30,-0.009250698649359285,0.0,-0.0054647503804892625
2021-10-31,-0.005142950065019365,0.0,-0.009250698649359285
2021-11-01,0.0357758773484733,0.0,-0.005142950065019365
2021-11-02,-0.004062805617150114,0.0,0.0357758773484733
2021-11-03,-0.02439903425460908,0.0,-0.004062805617150114
2021-11-04,-0.005328129187967981,0.0,-0.02439903425460908
2021-11-05,0.006551908440948538,0.0,-0.005328129187967981
2021-11-06,0.028827681539784322,0.0,0.006551908440948538
2021-11-07,0.06480556096155835,0.0,0.028827681539784322
2021-11-08,-0.008845099182201409,0.0,0.06480556096155835
2021-11-09,-0.02995816542044536,0.0,-0.008845099182201409
2021-11-10,-0.0006967481072823624,0.0,-0.02995816542044536
2021-11-11,-0.012300437518712916,0.0,-0.0006967481072823624
2021-11-12,0.00487596370827555,0.0,-0.012300437518712916
2021-11-13,0.015351084638069591,0.0,0.00487596370827555
2021-11-14,-0.029592905846716044,0.0,0.015351084638069591
2021-11-15,-0.05492245425158357,0.0,-0.029592905846716044
2021-11-16,0.00343096492223367,0.0,-0.05492245425158357
2021-11-17,-0.058423750403308876,0.0,0.00343096492223367
2021-11-18,0.02046697304630566,0.0,-0.058423750403308876
2021-11-19,0.02678245961804076,0.0,0.02046697304630566
2021-11-20,-0.016326255638854346,0.0,0.02678245961804076
2021-11-21,-0.042454514477448545,0.0,-0.016326255638854346
2021-11-22,0.022481248103212805,0.0,-0.042454514477448545
2021-11-23,-0.02263871996463873,0.0,0.022481248103212805
2021-11-24,0.01751183816078035,0.0,-0.02263871996463873
2021-11-25,-0.06687380102128215,0.0,0.01751183816078035
2021-11-26,0.02298046960742265,0.0,-0.06687380102128215
2021-11-27,0.043435386277887976,0.0,0.02298046960742265
2021-11-28,0.009701684218223901,0.0,0.043435386277887976
2021-11-29,-0.013955922421075117,0.0,0.009701684218223901
2021-11-30,0.003928780734843055,0.0,-0.013955922421075117
2021-12-01,-0.013227302108743101,0.0,0.003928780734843055
2021-12-02,-0.05233158566534184,0.0,-0.013227302108743101
2021-12-03,-0.08560843085516442,0.0,-0.05233158566534184
2021-12-04,0.003411696472447897,0.0,-0.08560843085516442
2021-12-05,0.024288526851428814,0.0,0.003411696472447897
2021-12-06,0.002319467736866812,0.0,0.024288526851428814
2021-12-07,-0.0038592862213869153,0.0,0.002319467736866812
2021-12-08,-0.057721555808476536,0.0,-0.0038592862213869153
2021-12-09,-0.009035819421615396,0.0,-0.057721555808476536
2021-12-10,0.04388024071672512,0.0,-0.009035819421615396
2021-12-11,0.014796607838164322,0.0,0.04388024071672512
2021-12-12,-0.06944137030817533,0.0,0.014796607838164322
2021-12-13,-0.002674827620426481,0.0,-0.06944137030817533
2021-12-14,0.04783877809998121,0.0,-0.002674827620426481
2021-12-15,-0.025504064198459072,0.0,0.04783877809998121
2021-12-16,-0.031180093256039692,0.0,-0.025504064198459072
2021-12-17,0.01389869565630835,0.0,-0.031180093256039692
2021-12-18,-0.0030305301841360094,0.0,0.01389869565630835
2021-12-19,0.003702680378992096,0.0,-0.0030305301841360094
2021-12-20,0.042928792887466996,0.0,0.003702680378992096
2021-12-21,-0.006315834406489169,0.0,0.042928792887466996
2021-12-22,0.043381939329586325,0.0,-0.006315834406489169
2021-12-23,0.0007412156675569818,0.0,0.043381939329586325
2021-12-24,-0.0077497271989944395,0.0,0.0007412156675569818
2021-12-25,0.007500204929835927,0.0,-0.0077497271989944395
2021-12-26,-0.003333620966693561,0.0,0.007500204929835927
2021-12-27,-0.062151426511976506,0.0,-0.003333620966693561
2021-12-28,-0.024336011956341844,0.0,-0.062151426511976506
2021-12-29,0.01566773871313257,0.0,-0.024336011956341844
2021-12-30,-0.018649172756865187,0.0,0.01566773871313257
2021-12-31,0.02937373314776973,0.0,-0.018649172756865187
2022-01-01,-0.007189054400021723,0.0,0.02937373314776973
2022-01-02,-0.018914636695763702,0.0,-0.007189054400021723
2022-01-03,-0.012138934663861074,0.0,-0.018914636695763702
2022-01-04,-0.05206628845481275,0.0,-0.012138934663861074
2022-01-05,-0.009410297303589778,0.0,-0.05206628845481275
2022-01-06,-0.037847988650375176,0.0,-0.009410297303589778
2022-01-07,0.004227048332596754,0.0,-0.037847988650375176
2022-01-08,0.004247935206112907,0.0,0.004227048332596754
2022-01-09,-0.002157811766201214,0.0,0.004247935206112907
2022-01-10,0.021633410637439378,0.0,-0.002157811766201214
2022-01-11,0.027993907251911834,0.0,0.021633410637439378
2022-01-12,-0.03137582795207003,0.0,0.027993907251911834
2022-01-13,0.011859664695822615,0.0,-0.03137582795207003
2022-01-14,0.0018011556222094572,0.0,0.011859664695822615
2022-01-15,-0.0014722123644015362,0.0,0.0018011556222094572
2022-01-16,-0.02022757169904886,0.0,-0.0014722123644015362
2022-01-17,0.002956109256612036,0.0,-0.02022757169904886
2022-01-18,-0.01500991044287061,0.0,0.002956109256612036
2022-01-19,-0.02581674309560386,0.0,-0.01500991044287061
2022-01-20,-0.10960468291543993,0.0,-0.02581674309560386
2022-01-21,-0.039930188839646726,0.0,-0.10960468291543993
2022-01-22,0.034966573781181565,0.0,-0.039930188839646726
2022-01-23,0.010352967106698903,0.0,0.034966573781181565
2022-01-24,0.008142486826951165,0.0,0.010352967106698903
2022-01-25,-0.0027608244495656064,0.0,0.008142486826951165
2022-01-26,0.007733837890785913,0.0,-0.0027608244495656064
2022-01-27,0.017247505090414967,0.0,0.007733837890785913
2022-01-28,0.00932135173920975,0.0,0.017247505090414967
2022-01-29,-0.005800446457155093,0.0,0.00932135173920975
2022-01-30,0.014804408066392667,0.0,-0.005800446457155093
2022-01-31,0.006737318502634114,0.0,0.014804408066392667
2022-02-01,-0.04731073995912287,0.0,0.006737318502634114
2022-02-02,0.005441215831991581,0.0,-0.04731073995912287
2022-02-03,0.11062688345744714,0.0,0.005441215831991581
2022-02-04,-0.0014398234837348135,0.0,0.11062688345744714
2022-02-05,0.02316687651757865,0.0,-0.0014398234837348135
2022-02-06,0.033111582709537346,0.0,0.02316687651757865
2022-02-07,0.006324808965338507,0.0,0.033111582709537346
2022-02-08,0.00498211368199733,0.0,0.006324808965338507
2022-02-09,-0.01760339378138894,0.0,0.00498211368199733
2022-02-10,-0.026921126055171853,0.0,-0.01760339378138894
2022-02-11,-0.00386212183286643,0.0,-0.026921126055171853
2022-02-12,-0.001112080209543203,0.0,-0.00386212183286643
2022-02-13,0.009185768314632001,0.0,-0.001112080209543203
2022-02-14,0.045630604487240684,0.0,0.009185768314632001
2022-02-15,-0.01385529504989858,0.0,0.045630604487240684
2022-02-16,-0.08108233071910446,0.0,-0.01385529504989858
2022-02-17,-0.012586526423760572,0.0,-0.08108233071910446
2022-02-18,0.002275138191892225,0.0,-0.012586526423760572
2022-02-19,-0.043054421746525254,0.0,0.002275138191892225
2022-02-20,-0.03592381094835431,0.0,-0.043054421746525254
2022-02-21,0.03213453434150656,0.0,-0.03592381094835431
2022-02-22,-0.026183634615420347,0.0,0.03213453434150656
2022-02-23,0.027399579951549815,0.0,-0.026183634615420347
2022-02-24,0.022738450595305906,0.0,0.027399579951549815
2022-02-25,-0.0027852723260769346,0.0,0.022738450595305906
2022-02-26,-0.036334517924426976,0.0,-0.0027852723260769346
2022-02-27,0.13576425730332167,0.0,-0.036334517924426976
2022-02-28,0.026533380332524757,0.0,0.13576425730332167
2022-03-01,-0.009753715935407227,0.0,0.026533380332524757
2022-03-02,-0.03409447865241336,0.0,-0.009753715935407227
2022-03-03,-0.0812852755652355,0.0,-0.03409447865241336
2022-03-04,0.0066969062286334315,0.0,-0.0812852755652355
2022-03-05,-0.025202937052357023,0.0,0.0066969062286334315
2022-03-06,-0.0093603152707349,0.0,-0.025202937052357023
2022-03-07,0.01758473821596099,0.0,-0.0093603152707349
2022-03-08,0.08046083301385845,0.0,0.01758473821596099
2022-03-09,-0.06254685680053026,0.0,0.08046083301385845
2022-03-10,-0.016425482290646415,0.0,-0.06254685680053026
2022-03-11,0.002806706804667275,0.0,-0.016425482290646415
2022-03-12,-0.027475269974984843,0.0,0.002806706804667275
2022-03-13,0.04689129940953424,0.0,-0.027475269974984843
2022-03-14,-0.00830247189817811,0.0,0.04689129940953424
2022-03-15,0.044865467674200424,0.0,-0.00830247189817811
2022-03-16,-0.004690916877794194,0.0,0.044865467674200424
2022-03-17,0.020538517974936225,0.0,-0.004690916877794194
2022-03-18,0.009274687432012266,0.0,0.020538517974936225
2022-03-19,-0.022600322885966202,0.0,0.009274687432012266
2022-03-20,-0.004125761887466681,0.0,-0.022600322885966202
2022-03-21,0.03070379130997368,0.0,-0.004125761887466681
2022-03-22,0.012531246090632069,0.0,0.03070379130997368
2022-03-23,0.024593725965785046,0.0,0.012531246090632069
2022-03-24,0.008782716407665668,0.0,0.024593725965785046
2022-03-25,0.0034237154855725296,0.0,0.008782716407665668
2022-03-26,0.050813175792382204,0.0,0.0034237154855725296
2022-03-27,0.0065464127633699815,0.0,0.050813175792382204
2022-03-28,0.00714059973919024,0.0,0.0065464127633699815
2022-03-29,-0.0085279952347302,0.0,0.00714059973919024
2022-03-30,-0.03291800954258311,0.0,-0.0085279952347302
2022-03-31,0.016183454010017757,0.0,-0.03291800954258311
2022-04-01,-0.008957035540670266,0.0,0.016183454010017757
2022-04-02,0.012664841243046981,0.0,-0.008957035540670266
2022-04-03,0.0036337857461326666,0.0,0.012664841243046981
2022-04-04,-0.02314486060589607,0.0,0.0036337857461326666
2022-04-05,-0.05294570510057487,0.0,-0.02314486060589607
2022-04-06,0.0068529242315328075,0.0,-0.05294570510057487
2022-04-07,-0.028353972258937266,0.0,0.0068529242315328075
2022-04-08,0.011625235289932529,0.0,-0.028353972258937266
2022-04-09,-0.013518646577317169,0.0,0.011625235289932529
2022-04-10,-0.06574699455484899,0.0,-0.013518646577317169
2022-04-11,0.015198991801760953,0.0,-0.06574699455484899
2022-04-12,0.02557641749549052,0.0,0.015198991801760953
2022-04-13,-0.030364373354540806,0.0,0.02557641749549052
2022-04-14,0.015355179227128868,0.0,-0.030364373354540806
2022-04-15,-0.0031855728397045674,0.0,0.015355179227128868
2022-04-16,-0.017657522881942136,0.0,-0.0031855728397045674
2022-04-17,0.027546268364385663,0.0,-0.017657522881942136
2022-04-18,0.016435294339235306,0.0,0.027546268364385663
2022-04-19,-0.003097867846210707,0.0,0.016435294339235306
2022-04-20,-0.020684439708319406,0.0,-0.003097867846210707
2022-04-21,-0.019611085251918917,0.0,-0.020684439708319406
2022-04-22,-0.006401619327578674,0.0,-0.019611085251918917
2022-04-23,-0.00044170158334548267,0.0,-0.006401619327578674
2022-04-24,0.024749050076096804,0.0,-0.00044170158334548267
2022-04-25,-0.05959955698854747,0.0,0.024749050076096804
2022-04-26,0.029052734994520196,0.0,-0.05959955698854747
2022-04-27,0.013483906721524785,0.0,0.029052734994520196
2022-04-28,-0.02970235366082905,0.0,0.013483906721524785
2022-04-29,-0.023452178557919624,0.0,-0.02970235366082905
2022-04-30,0.019800580200401846,0.0,-0.023452178557919624
2022-05-01,0.0015645616058173508,0.0,0.019800580200401846
2022-05-02,-0.02042224184090012,0.0,0.0015645616058173508
2022-05-03,0.050312677532991644,0.0,-0.02042224184090012
2022-05-04,-0.08194136472907673,0.0,0.050312677532991644
2022-05-05,-0.014713780107637159,0.0,-0.08194136472907673
2022-05-06,-0.015067299056939674,0.0,-0.014713780107637159
2022-05-07,-0.04148559878699712,0.0,-0.015067299056939674
2022-05-08,-0.1170549632581505,0.0,-0.04148559878699712
2022-05-09,0.023678692386482958,0.0,-0.1170549632581505
2022-05-10,-0.06962706368652095,0.0,0.023678692386482958
2022-05-11,0.0038423156405122537,0.0,-0.06962706368652095
2022-05-12,0.008069582993285078,0.0,0.0038423156405122537
2022-05-13,0.02755654035085545,0.0,0.008069582993285078
2022-05-14,0.039214229608877514,0.0,0.02755654035085545
2022-05-15,-0.047163938825930986,0.0,0.039214229608877514
2022-05-16,0.018675310971867837,0.0,-0.047163938825930986
2022-05-17,-0.05768962303395388,0.0,0.018675310971867837
2022-05-18,0.054017472510896065,0.0,-0.05768962303395388
2022-05-19,-0.03742660999960213,0.0,0.054017472510896065
2022-05-20,0.007896156156526583,0.0,-0.03742660999960213
2022-05-21,0.02984011653578575,0.0,0.007896156156526583
2022-05-22,-0.04122961033666706,0.0,0.02984011653578575
2022-05-23,0.01894978176706928,0.0,-0.04122961033666706
2022-05-24,-0.0031485281301596416,0.0,0.01894978176706928
2022-05-25,-0.010033699544872113,0.0,-0.0031485281301596416
2022-05-26,-0.022097889022563728,0.0,-0.010033699544872113
2022-05-27,0.006522241153916333,0.0,-0.022097889022563728
2022-05-28,0.02166399017895866,0.0,0.006522241153916333
2022-05-29,0.07459222816391974,0.0,0.02166399017895866
2022-05-30,0.0020756074770069063,0.0,0.07459222816391974
2022-05-31,-0.06474693067083527,0.0,0.0020756074770069063
2022-06-01,0.02218263391098452,0.0,-0.06474693067083527
2022-06-02,-0.02536528971019155,0.0,0.02218263391098452
2022-06-03,0.00431741536890466,0.0,-0.02536528971019155
2022-06-04,0.002468985857085947,0.0,0.00431741536890466
2022-06-05,0.04779217112896654,0.0,0.002468985857085947
2022-06-06,-0.006883334658869973,0.0,0.04779217112896654
2022-06-07,-0.030672946983430784,0.0,-0.006883334658869973
2022-06-08,-0.0033934595457949636,0.0,-0.030672946983430784
2022-06-09,-0.03474221923780006,0.0,-0.0033934595457949636
2022-06-10,-0.02517319741030233,0.0,-0.03474221923780006
2022-06-11,-0.05800108151881945,0.0,-0.02517319741030233
2022-06-12,-0.17405255177667042,0.0,-0.05800108151881945
2022-06-13,-0.012556416941057361,0.0,-0.17405255177667042
2022-06-14,0.01634917508386348,0.0,-0.012556416941057361
2022-06-15,-0.10211240133010355,0.0,0.01634917508386348
2022-06-16,0.004397810882562394,0.0,-0.10211240133010355
2022-06-17,-0.07366571122488891,0.0,0.004397810882562394
2022-06-18,0.07765301952407,0.0,-0.07366571122488891
2022-06-19,0.002248480532576946,0.0,0.07765301952407
2022-06-20,0.005376928208097346,0.0,0.002248480532576946
2022-06-21,-0.03556200532463169,0.0,0.005376928208097346
2022-06-22,0.053519949652552336,0.0,-0.03556200532463169
2022-06-23,0.006889809613761697,0.0,0.053519949652552336
2022-06-24,0.01266838104662478,0.0,0.006889809613761697
2022-06-25,-0.02234031636729734,0.0,0.01266838104662478
2022-06-26,-0.013975180844796839,0.0,-0.02234031636729734
2022-06-27,-0.022179692795419582,0.0,-0.013975180844796839
2022-06-28,-0.00874651225988825,0.0,-0.022179692795419582
2022-06-29,-0.016009711756282033,0.0,-0.00874651225988825
2022-06-30,-0.02639361166796203,0.0,-0.016009711756282033
2022-07-01,-0.0014079558563739067,0.0,-0.02639361166796203
2022-07-02,0.0028449039765122944,0.0,-0.0014079558563739067
2022-07-03,0.04727542718300751,0.0,0.0028449039765122944
2022-07-04,-0.002035878126304793,0.0,0.04727542718300751
2022-07-05,0.017582449257883936,0.0,-0.002035878126304793
2022-07-06,0.05165639338861742,0.0,0.017582449257883936
2022-07-07,0.0043132227124235666,0.0,0.05165639338861742
2022-07-08,-0.0064127411638449485,0.0,0.0043132227124235666
2022-07-09,-0.03447747972502637,0.0,-0.0064127411638449485
2022-07-10,-0.04359596339476734,0.0,-0.03447747972502637
2022-07-11,-0.03291562138901987,0.0,-0.04359596339476734
2022-07-12,0.044936759944821686,0.0,-0.03291562138901987
2022-07-13,0.017549651263241726,0.0,0.044936759944821686
2022-07-14,0.012868197042892807,0.0,0.017549651263241726
2022-07-15,0.016846296291970084,0.0,0.012868197042892807
2022-07-16,-0.01958489970974724,0.0,0.016846296291970084
2022-07-17,0.07891967823012867,0.0,-0.01958489970974724
2022-07-18,0.03940528200341783,0.0,0.07891967823012867
2022-07-19,-0.006765243636369361,0.0,0.03940528200341783
2022-07-20,-0.0028926217700481673,0.0,-0.006765243636369361
2022-07-21,-0.019601945764881813,0.0,-0.0028926217700481673
2022-07-22,-0.011044710597189035,0.0,-0.019601945764881813
2022-07-23,0.006375470790258249,0.0,-0.011044710597189035
2022-07-24,-0.056755659782032404,0.0,0.006375470790258249
2022-07-25,-0.0057250438268413185,0.0,-0.056755659782032404
2022-07-26,0.07659542154936112,0.0,-0.0057250438268413185
2022-07-27,0.03905783089201425,0.0,0.07659542154936112
2022-07-28,-0.001647644691440151,0.0,0.03905783089201425
2022-07-29,-0.006254683466181995,0.0,-0.001647644691440151
2022-07-30,-0.013589886059606543,0.0,-0.006254683466181995
2022-07-31,-0.0009730647082914476,0.0,-0.013589886059606543
2022-08-01,-0.01452024708261338,0.0,-0.0009730647082914476
2022-08-02,-0.005744061707541017,0.0,-0.01452024708261338
2022-08-03,-0.009479525568520927,0.0,-0.005744061707541017
2022-08-04,0.028675899088160428,0.0,-0.009479525568520927
2022-08-05,-0.014185359813054537,0.0,0.028675899088160428
2022-08-06,0.009303252730044901,0.0,-0.014185359813054537
2022-08-07,0.02697154534457858,0.0,0.009303252730044901
2022-08-08,-0.02747099349637511,0.0,0.02697154534457858
2022-08-09,0.03325679505388167,0.0,-0.02747099349637511
2022-08-10,0.00041276206736784357,0.0,0.03325679505388167
2022-08-11,0.018415982056898608,0.0,0.00041276206736784357
2022-08-12,0.0008704221288590054,0.0,0.018415982056898608
2022-08-13,-0.0042973830773317305,0.0,0.0008704221288590054
2022-08-14,-0.00752687118445491,0.0,-0.0042973830773317305
2022-08-15,-0.010565706274135412,0.0,-0.00752687118445491
2022-08-16,-0.023181944883864696,0.0,-0.010565706274135412
2022-08-17,-0.005295957030778942,0.0,-0.023181944883864696
2022-08-18,-0.10602664190168617,0.0,-0.005295957030778942
2022-08-19,0.013724431302661714,0.0,-0.10602664190168617
2022-08-20,0.017239723512555944,0.0,0.013724431302661714
2022-08-21,-0.006298802571622582,0.0,0.017239723512555944
2022-08-22,0.0060185938546632,0.0,-0.006298802571622582
2022-08-23,-0.00620033327852915,0.0,0.0060185938546632
2022-08-24,0.009577016652955654,0.0,-0.00620033327852915
2022-08-25,-0.06408571655966329,0.0,0.009577016652955654
2022-08-26,-0.010832449813926528,0.0,-0.06408571655966329
2022-08-27,-0.0214299343072556,0.0,-0.010832449813926528
2022-08-28,0.034134991629983055,0.0,-0.0214299343072556
2022-08-29,-0.02500132778356697,0.0,0.034134991629983055
2022-08-30,0.012696624168793951,0.0,-0.02500132778356697
2022-08-31,0.0038518173635346637,0.0,0.012696624168793951
2022-09-01,-0.007849479691159277,0.0,0.0038518173635346637
2022-09-02,-0.006918477935497839,0.0,-0.007849479691159277
2022-09-03,0.007766470822269511,0.0,-0.006918477935497839
2022-09-04,-0.008761151996171085,0.0,0.007766470822269511
2022-09-05,-0.0504480646723607,0.0,-0.008761151996171085
2022-09-06,0.02374515374913594,0.0,-0.0504480646723607
2022-09-07,0.00204607030353663,0.0,0.02374515374913594
2022-09-08,0.10086009766789074,0.0,0.00204607030353663
2022-09-09,0.01390523841339878,0.0,0.10086009766789074
2022-09-10,0.004083651963045384,0.0,0.01390523841339878
2022-09-11,0.027242163871664303,0.0,0.004083651963045384
2022-09-12,-0.09728219892342403,0.0,0.027242163871664303
2022-09-13,-0.0027439686753737906,0.0,-0.09728219892342403
2022-09-14,-0.02703458624126178,0.0,-0.0027439686753737906
2022-09-15,0.0036162281734326176,0.0,-0.02703458624126178
2022-09-16,0.017794492715736767,0.0,0.0036162281734326176
2022-09-17,-0.03581280604750071,0.0,0.017794492715736767
2022-09-18,0.006396912022913548,0.0,-0.03581280604750071
2022-09-19,-0.03400047754708742,0.0,0.006396912022913548
2022-09-20,-0.018344813515223775,0.0,-0.03400047754708742
2022-09-21,0.045641677549128984,0.0,-0.018344813515223775
2022-09-22,-0.00598857629671097,0.0,0.045641677549128984
2022-09-23,-0.018864440709329067,0.0,-0.00598857629671097
2022-09-24,-0.007149858037088313,0.0,-0.018864440709329067
2022-09-25,0.022121968157295297,0.0,-0.007149858037088313
2022-09-26,-0.005850034170169328,0.0,0.022121968157295297
2022-09-27,0.016409099157190264,0.0,-0.005850034170169328
2022-09-28,0.007504185755091534,0.0,0.016409099157190264
2022-09-29,-0.007243323491751529,0.0,0.007504185755091534
2022-09-30,-0.006178716506548767,0.0,-0.007243323491751529
2022-10-01,-0.013973887936277964,0.0,-0.006178716506548767
2022-10-02,0.0299741763073446,0.0,-0.013973887936277964
2022-10-03,0.035702295702777984,0.0,0.0299741763073446
2022-10-04,-0.00869820607502516,0.0,0.035702295702777984
2022-10-05,-0.010234041758595132,0.0,-0.00869820607502516
2022-10-06,-0.02068782806747579,0.0,-0.010234041758595132
2022-10-07,-0.0066873874171619555,0.0,-0.02068782806747579
2022-10-08,0.0015365479891413887,0.0,-0.0066873874171619555
2022-10-09,-0.01580535214708789,0.0,0.0015365479891413887
2022-10-10,-0.004716403712704758,0.0,-0.01580535214708789
2022-10-11,0.005549896374470987,0.0,-0.004716403712704758
2022-10-12,0.011700026522297709,0.0,0.005549896374470987
2022-10-13,-0.010228526229371489,0.0,0.011700026522297709
2022-10-14,-0.006170546675591737,0.0,-0.010228526229371489
2022-10-15,0.010458171486817167,0.0,-0.006170546675591737
2022-10-16,0.014563494131467007,0.0,0.010458171486817167
2022-10-17,-0.011127327349328565,0.0,0.014563494131467007
2022-10-18,-0.010130621895940859,0.0,-0.011127327349328565
2022-10-19,-0.004492679159130498,0.0,-0.010130621895940859
2022-10-20,0.00621191065339352,0.0,-0.004492679159130498
2022-10-21,0.0018613913940529582,0.0,0.00621191065339352
2022-10-22,0.01850815095417208,0.0,0.0018613913940529582
2022-10-23,-0.011381303255268389,0.0,0.01850815095417208
2022-10-24,0.038050125599863024,0.0,-0.011381303255268389
2022-10-25,0.033017194358947406,0.0,0.038050125599863024
2022-10-26,-0.023607984321621485,0.0,0.033017194358947406
2022-10-27,0.015142492579417856,0.0,-0.023607984321621485
2022-10-28,0.010775490653264773,0.0,0.015142492579417856
2022-10-29,-0.008822978719624204,0.0,0.010775490653264773
2022-10-30,-0.006799218852899474,0.0,-0.008822978719624204
2022-10-31,-0.0005124320157945651,0.0,-0.006799218852899474
2022-11-01,-0.01603042401585493,0.0,-0.0005124320157945651
2022-11-02,0.002501116490787244,0.0,-0.01603042401585493
2022-11-03,0.04533199824767065,0.0,0.002501116490787244
2022-11-04,0.006385182519711849,0.0,0.04533199824767065
2022-11-05,-0.01687848726805324,0.0,0.006385182519711849
2022-11-06,-0.015587859865227252,0.0,-0.01687848726805324
2022-11-07,-0.10542864681146098,0.0,-0.015587859865227252
2022-11-08,-0.15488954817014716,0.0,-0.10542864681146098
2022-11-09,0.1020374090112842,0.0,-0.15488954817014716
2022-11-10,-0.03191845360130116,0.0,0.1020374090112842
2022-11-11,-0.013898139747380939,0.0,-0.03191845360130116
2022-11-12,-0.026896704984698754,0.0,-0.013898139747380939
2022-11-13,0.016064732404599078,0.0,-0.026896704984698754
2022-11-14,0.01590431717951544,0.0,0.016064732404599078
2022-11-15,-0.012825680370738035,0.0,0.01590431717951544
2022-11-16,0.0010839194206494296,0.0,-0.012825680370738035
2022-11-17,0.0006146278457023498,0.0,0.0010839194206494296
2022-11-18,0.0008242927596795972,0.0,0.0006146278457023498
2022-11-19,-0.02543603029442077,0.0,0.0008242927596795972
2022-11-20,-0.03145906258707414,0.0,-0.02543603029442077
2022-11-21,0.02517471508039186,0.0,-0.03145906258707414
2022-11-22,0.025667956985737504,0.0,0.02517471508039186
2022-11-23,-0.00037586363225689277,0.0,0.025667956985737504
2022-11-24,-0.004988374895103048,0.0,-0.00037586363225689277
2022-11-25,-0.0034899891216231276,0.0,-0.004988374895103048
2022-11-26,-0.0011944668045808346,0.0,-0.0034899891216231276
2022-11-27,-0.013918848240971523,0.0,-0.0011944668045808346
2022-11-28,0.01394046411034608,0.0,-0.013918848240971523
2022-11-29,0.043059766583943886,0.0,0.01394046411034608
2022-11-30,-0.011802068595367332,0.0,0.043059766583943886
2022-12-01,0.007136986045805121,0.0,-0.011802068595367332
2022-12-02,-0.010614234867796273,0.0,0.007136986045805121
2022-12-03,0.01305884246336571,0.0,-0.010614234867796273
2022-12-04,-0.009128269217154126,0.0,0.01305884246336571
2022-12-05,0.006733035250819497,0.0,-0.009128269217154126
2022-12-06,-0.014224977832437721,0.0,0.006733035250819497
2022-12-07,0.022614200081039638,0.0,-0.014224977832437721
2022-12-08,-0.005838370505888547,0.0,0.022614200081039638
2022-12-09,-0.00025846420531521353,0.0,-0.005838370505888547
2022-12-10,-0.00143319679738864,0.0,-0.00025846420531521353
2022-12-11,0.0059599279123048595,0.0,-0.00143319679738864
2022-12-12,0.03286478873072886,0.0,0.0059599279123048595
2022-12-13,0.0019289306421712124,0.0,0.03286478873072886
2022-12-14,-0.02562838102102438,0.0,0.0019289306421712124
2022-12-15,-0.04218980898149945,0.0,-0.02562838102102438
2022-12-16,0.008827572352892032,0.0,-0.04218980898149945
2022-12-17,-0.002212331171359141,0.0,0.008827572352892032
2022-12-18,-0.01917645189485355,0.0,-0.002212331171359141
2022-12-19,0.027988705082472278,0.0,-0.01917645189485355
2022-12-20,-0.005264509420176635,0.0,0.027988705082472278
2022-12-21,0.0007612154110786702,0.0,-0.005264509420176635
2022-12-22,-0.0019858084288219657,0.0,0.0007612154110786702
2022-12-23,0.0030199561547248985,0.0,-0.0019858084288219657
2022-12-24,-0.0003425096739709631,0.0,0.0030199561547248985
2022-12-25,0.004609855984671537,0.0,-0.0003425096739709631
2022-12-26,-0.012048246868378581,0.0,0.004609855984671537
2022-12-27,-0.009895050300250239,0.0,-0.012048246868378581
2022-12-28,0.00540864482551941,0.0,-0.009895050300250239
2022-12-29,-0.002391695878759684,0.0,0.00540864482551941
2022-12-30,-0.003323665649558149,0.0,-0.002391695878759684
2022-12-31,0.00467760631157723,0.0,-0.003323665649558149
2023-01-01,0.003805700684704715,0.0,0.00467760631157723
2023-01-02,-0.0005162548994983624,0.0,0.003805700684704715
2023-01-03,0.010934153962035356,0.0,-0.0005162548994983624
2023-01-04,-0.0015728177184386805,0.0,0.010934153962035356
2023-01-05,0.006820792235553174,0.0,-0.0015728177184386805
2023-01-06,0.00018340582830352,0.0,0.006820792235553174
2023-01-07,0.00799308234902105,0.0,0.00018340582830352
2023-01-08,0.006148589187306557,0.0,0.00799308234902105
2023-01-09,0.014418133870887372,0.0,0.006148589187306557
2023-01-10,0.02762115049773119,0.0,0.014418133870887372
2023-01-11,0.05080318049018759,0.0,0.02762115049773119
2023-01-12,0.053649212803668606,0.0,0.05080318049018759
2023-01-13,0.052192440560842025,0.0,0.053649212803668606
2023-01-14,-0.0045631527773636734,0.0,0.052192440560842025
2023-01-15,0.013737719952276949,0.0,-0.0045631527773636734
2023-01-16,-0.00038332437933474676,0.0,0.013737719952276949
2023-01-17,-0.02259283115330066,0.0,-0.00038332437933474676
2023-01-18,0.019055334102897954,0.0,-0.02259283115330066
2023-01-19,0.0726845526110478,0.0,0.019055334102897954
2023-01-20,0.004447222994453112,0.0,0.0726845526110478
2023-01-21,-0.002514790230431855,0.0,0.004447222994453112
2023-01-22,0.00937544219856928,0.0,-0.002514790230431855
2023-01-23,-0.013077079200906103,0.0,0.00937544219856928
2023-01-24,0.021043184701323544,0.0,-0.013077079200906103
2023-01-25,-0.003687148593844675,0.0,0.021043184701323544
2023-01-26,0.001993046474165044,0.0,-0.003687148593844675
2023-01-27,-0.002066314313093378,0.0,0.001993046474165044
2023-01-28,0.03177133538504421,0.0,-0.002066314313093378
2023-01-29,-0.040096914665951826,0.0,0.03177133538504421
2023-01-30,0.013012288539514132,0.0,-0.040096914665951826
2023-01-31,0.024945734590003956,0.0,0.013012288539514132
2023-02-01,-0.010674749877368259,0.0,0.024945734590003956
2023-02-02,-0.000961136247671562,0.0,-0.010674749877368259
2023-02-03,-0.0050223137428644544,0.0,-0.000961136247671562
2023-02-04,-0.016254488231275857,0.0,-0.0050223137428644544
2023-02-05,-0.008555376421285297,0.0,-0.016254488231275857
2023-02-06,0.02191019571493288,0.0,-0.008555376421285297
2023-02-07,-0.014063722484005989,0.0,0.02191019571493288
2023-02-08,-0.05007294792111713,0.0,-0.014063722484005989
2023-02-09,-0.0077228177249046275,0.0,-0.05007294792111713
2023-02-10,0.010095720621826006,0.0,-0.0077228177249046275
2023-02-11,-0.0037871607629455096,0.0,0.010095720621826006
2023-02-12,0.0009128497942385424,0.0,-0.0037871607629455096
2023-02-13,0.018747466050136215,0.0,0.0009128497942385424
2023-02-14,0.08977000786319626,0.0,0.018747466050136215
2023-02-15,-0.028558101481565734,0.0,0.08977000786319626
2023-02-16,0.03910624942610064,0.0,-0.028558101481565734
2023-02-17,0.0030758236488141917,0.0,0.03910624942610064
2023-02-18,-0.01280971909443967,0.0,0.0030758236488141917
2023-02-19,0.02040504474431612,0.0,-0.01280971909443967
2023-02-20,-0.015946381537723795,0.0,0.02040504474431612
2023-02-21,-0.010180396881003117,0.0,-0.015946381537723795
2023-02-22,-0.010027916762018151,0.0,-0.010180396881003117
2023-02-23,-0.03179206740644356,0.0,-0.010027916762018151
2023-02-24,-0.000981248083164121,0.0,-0.03179206740644356
2023-02-25,0.016511545833869257,0.0,-0.000981248083164121
2023-02-26,-0.001628652491694882,0.0,0.016511545833869257
2023-02-27,-0.016092730875103014,0.0,-0.001628652491694882
2023-02-28,0.021336804939163678,0.0,-0.016092730875103014
2023-03-01,-0.007261350209481709,0.0,0.021336804939163678
2023-03-02,-0.04856242572977136,0.0,-0.007261350209481709
2023-03-03,-0.0004173035221196778,0.0,-0.04856242572977136
2023-03-04,0.00366895467532336,0.0,-0.0004173035221196778
2023-03-05,-0.0002565841781915384,0.0,0.00366895467532336
2023-03-06,-0.009406138966041635,0.0,-0.0002565841781915384
2023-03-07,-0.022837315061132093,0.0,-0.009406138966041635
2023-03-08,-0.06442451332853331,0.0,-0.022837315061132093
2023-03-09,-0.00866965688311379,0.0,-0.06442451332853331
2023-03-10,0.021812221244110887,0.0,-0.00866965688311379
2023-03-11,0.07160391184533008,0.0,0.021812221244110887
2023-03-12,0.08778363436848541,0.0,0.07160391184533008
2023-03-13,0.02241616479750579,0.0,0.08778363436848541
2023-03-14,-0.015069419825617957,0.0,0.02241616479750579
2023-03-15,0.027387721969650478,0.0,-0.015069419825617957
2023-03-16,0.09043081735478727,0.0,0.027387721969650478
2023-03-17,-0.016843655914946763,0.0,0.09043081735478727
2023-03-18,0.03901251239696352,0.0,-0.016843655914946763
2023-03-19,-0.009728058677075274,0.0,0.03901251239696352
2023-03-20,0.014607259457310753,0.0,-0.009728058677075274
2023-03-21,-0.031304934786025286,0.0,0.014607259457310753
2023-03-22,0.03690243092144147,0.0,-0.031304934786025286
2023-03-23,-0.03011973318555565,0.0,0.03690243092144147
2023-03-24,5.171583626720892e-05,0.0,-0.03011973318555565
2023-03-25,0.01800847790347154,0.0,5.171583626720892e-05
2023-03-26,-0.030997440056033318,0.0,0.01800847790347154
2023-03-27,0.004714100093914092,0.0,-0.030997440056033318
2023-03-28,0.03885339931269162,0.0,0.004714100093914092
2023-03-29,-0.011169598741333131,0.0,0.03885339931269162
2023-03-30,0.015746414888453637,0.0,-0.011169598741333131
2023-03-31,-0.0023712364214005313,0.0,0.015746414888453637
2023-04-01,-0.007480171844976413,0.0,-0.0023712364214005313
2023-04-02,-0.014613274150394037,0.0,-0.007480171844976413
2023-04-03,0.01350558587463783,0.0,-0.014613274150394037
2023-04-04,0.0003512057047058866,0.0,0.01350558587463783
2023-04-05,-0.004761257346579407,0.0,0.0003512057047058866
2023-04-06,-0.00422660089629551,0.0,-0.004761257346579407
2023-04-07,0.0007851839396583646,0.0,-0.00422660089629551
2023-04-08,0.01369069252890777,0.0,0.0007851839396583646
2023-04-09,0.045533646757390224,0.0,0.01369069252890777
2023-04-10,0.019439489564332186,0.0,0.045533646757390224
2023-04-11,-0.0031803678161343176,0.0,0.019439489564332186
2023-04-12,0.008590133768281546,0.0,-0.0031803678161343176
2023-04-13,0.002845797962018112,0.0,0.008590133768281546
2023-04-14,-0.0054997371675221595,0.0,0.002845797962018112
2023-04-15,-0.00010359312238552485,0.0,-0.0054997371675221595
2023-04-16,-0.02912872327682135,0.0,-0.00010359312238552485
2023-04-17,0.03183646099781629,0.0,-0.02912872327682135
2023-04-18,-0.05319953662867234,0.0,0.03183646099781629
2023-04-19,-0.020211126619281063,0.0,-0.05319953662867234
2023-04-20,-0.034910877271712444,0.0,-0.020211126619281063
2023-04-21,0.019624756556398195,0.0,-0.034910877271712444
2023-04-22,-0.008161741227378502,0.0,0.019624756556398195
2023-04-23,-0.0023965485595713668,0.0,-0.008161741227378502
2023-04-24,0.02802320777395386,0.0,-0.0023965485595713668
2023-04-25,0.004057925868580612,0.0,0.02802320777395386
2023-04-26,0.03631313286229464,0.0,0.004057925868580612
2023-04-27,-0.004540602889751968,0.0,0.03631313286229464
2023-04-28,-0.0031328032278842735,0.0,-0.004540602889751968
2023-04-29,0.0006944394889976754,0.0,-0.0031328032278842735
2023-04-30,-0.041052856211014906,0.0,0.0006944394889976754
2023-05-01,0.020749270291120427,0.0,-0.041052856211014906
2023-05-02,0.011294600825028724,0.0,0.020749270291120427
2023-05-03,-0.005482697825375376,0.0,0.011294600825028724
2023-05-04,0.02352452363535224,0.0,-0.005482697825375376
2023-05-05,-0.02155362050914689,0.0,0.02352452363535224
2023-05-06,-0.015678412319992844,0.0,-0.02155362050914689
2023-05-07,-0.027097480312589104,0.0,-0.015678412319992844
2023-05-08,-0.0012826051136456092,0.0,-0.027097480312589104
2023-05-09,-0.0013393336115541375,0.0,-0.0012826051136456092
2023-05-10,-0.0227376278728039,0.0,-0.0013393336115541375
2023-05-11,-0.007278017155925187,0.0,-0.0227376278728039
2023-05-12,-0.0007804618022563855,0.0,-0.007278017155925187
2023-05-13,0.0054570113859458225,0.0,-0.0007804618022563855
2023-05-14,0.009683688179724162,0.0,0.0054570113859458225
2023-05-15,-0.005754943306692564,0.0,0.009683688179724162
2023-05-16,0.013305949198470446,0.0,-0.005754943306692564
2023-05-17,-0.020896322938492334,0.0,0.013305949198470446
2023-05-18,0.0021562704301694635,0.0,-0.020896322938492334
2023-05-19,0.008865600285434393,0.0,0.0021562704301694635
2023-05-20,-0.01394736681453699,0.0,0.008865600285434393
2023-05-21,0.0036358955711424203,0.0,-0.01394736681453699
2023-05-22,0.013848962643426162,0.0,0.0036358955711424203
2023-05-23,-0.03327040018789596,0.0,0.013848962643426162
2023-05-24,0.005354526205137628,0.0,-0.03327040018789596
2023-05-25,0.009139332662057487,0.0,0.005354526205137628
2023-05-26,0.00556333034484893,0.0,0.009139332662057487
2023-05-27,0.04430949975360071,0.0,0.00556333034484893
2023-05-28,-0.012171112107334788,0.0,0.04430949975360071
2023-05-29,-0.0015702994220325468,0.0,-0.012171112107334788
2023-05-30,-0.017577792723265092,0.0,-0.0015702994220325468
2023-05-31,-0.014792581991188054,0.0,-0.017577792723265092
2023-06-01,0.01589161106579633,0.0,-0.014792581991188054
2023-06-02,-0.006422915434419119,0.0,0.01589161106579633
2023-06-03,0.0016214839752998166,0.0,-0.006422915434419119
2023-06-04,-0.051410345698891795,0.0,0.0016214839752998166
2023-06-05,0.05581511856233619,0.0,-0.051410345698891795
2023-06-06,-0.03332542412080894,0.0,0.05581511856233619
2023-06-07,0.006138366063704449,0.0,-0.03332542412080894
2023-06-08,-0.001050860137740086,0.0,0.006138366063704449
2023-06-09,-0.024045314677471934,0.0,-0.001050860137740086
2023-06-10,0.0034340762243438776,0.0,-0.024045314677471934
2023-06-11,-0.0014531650030546537,0.0,0.0034340762243438776
2023-06-12,0.0006263269559741463,0.0,-0.0014531650030546537
2023-06-13,-0.031115354032620144,0.0,0.0006263269559741463
2023-06-14,0.017819375410116443,0.0,-0.031115354032620144
2023-06-15,0.0289427732653721,0.0,0.017819375410116443
2023-06-16,0.0069349007932065195,0.0,0.0289427732653721
2023-06-17,-0.006602603438313832,0.0,0.0069349007932065195
2023-06-18,0.019359247201741925,0.0,-0.006602603438313832
2023-06-19,0.05352849528514009,0.0,0.019359247201741925
2023-06-20,0.05827421320682117,0.0,0.05352849528514009
2023-06-21,-0.0038377235796951737,0.0,0.05827421320682117
2023-06-22,0.02584590576815378,0.0,-0.0038377235796951737
2023-06-23,-0.004793067902493928,0.0,0.02584590576815378
2023-06-24,-0.0022426607224285255,0.0,-0.004793067902493928
2023-06-25,-0.006884835938176551,0.0,-0.0022426607224285255
2023-06-26,0.013682563415242948,0.0,-0.006884835938176551
2023-06-27,-0.01980891791303767,0.0,0.013682563415242948
2023-06-28,0.011865197537731036,0.0,-0.01980891791303767
2023-06-29,0.0010472432791648364,0.0,0.011865197537731036
2023-06-30,0.0036951443630783326,0.0,0.0010472432791648364
2023-07-01,0.001002809469143997,0.0,0.0036951443630783326
2023-07-02,0.017342426317960315,0.0,0.001002809469143997
2023-07-03,-0.012234379050443955,0.0,0.017342426317960315
2023-07-04,-0.008595533521292817,0.0,-0.012234379050443955
2023-07-05,-0.020020299639946313,0.0,-0.008595533521292817
2023-07-06,0.01437090998029806,0.0,-0.020020299639946313
2023-07-07,-0.0016401345457067653,0.0,0.01437090998029806
2023-07-08,-0.004012544787339061,0.0,-0.0016401345457067653
2023-07-09,0.008029538805166095,0.0,-0.004012544787339061
2023-07-10,0.006765948365584515,0.0,0.008029538805166095
2023-07-11,-0.007516669538967959,0.0,0.006765948365584515
2023-07-12,0.03505911799946575,0.0,-0.007516669538967959
2023-07-13,-0.036955452769762046,0.0,0.03505911799946575
2023-07-14,-0.0012621409438578614,0.0,-0.036955452769762046
2023-07-15,-0.0015417915284865274,0.0,-0.0012621409438578614
2023-07-16,-0.003418965294113633,0.0,-0.0015417915284865274
2023-07-17,-0.009643886494910275,0.0,-0.003418965294113633
2023-07-18,0.0019193869502834365,0.0,-0.009643886494910275
2023-07-19,-0.004083626307646249,0.0,0.0019193869502834365
2023-07-20,0.003910458253167224,0.0,-0.004083626307646249
2023-07-21,-0.004589155219131938,0.0,0.003910458253167224
2023-07-22,0.010449658783391701,0.0,-0.004589155219131938
2023-07-23,-0.030633538164858885,0.0,0.010449658783391701
2023-07-24,0.0017284554802405464,0.0,-0.030633538164858885
2023-07-25,0.004355653333464597,0.0,0.0017284554802405464
2023-07-26,-0.004927238584293436,0.0,0.004355653333464597
2023-07-27,0.0037094442045335473,0.0,-0.004927238584293436
2023-07-28,0.0012840607690722545,0.0,0.0037094442045335473
2023-07-29,-0.0027837737874393067,0.0,0.0012840607690722545
2023-07-30,-0.0015450628224417467,0.0,-0.0027837737874393067
2023-07-31,0.01513023382608844,0.0,-0.0015450628224417467
2023-08-01,-0.01780750751690934,0.0,0.01513023382608844
2023-08-02,0.0009161807791750279,0.0,-0.01780750751690934
2023-08-03,-0.0035908335462961935,0.0,0.0009161807791750279
2023-08-04,-0.0011000318899209226,0.0,-0.0035908335462961935
2023-08-05,-9.347994530765627e-06,0.0,-0.0011000318899209226
2023-08-06,0.004765273802377892,0.0,-9.347994530765627e-06
2023-08-07,0.01984638697905339,0.0,0.004765273802377892
2023-08-08,-0.006877101417061734,0.0,0.01984638697905339
2023-08-09,-0.004471948989328098,0.0,-0.006877101417061734
2023-08-10,-0.0010837469218066252,0.0,-0.004471948989328098
2023-08-11,0.0006206039371356436,0.0,-0.0010837469218066252
2023-08-12,-0.004533340724443713,0.0,0.0006206039371356436
2023-08-13,0.004277614074716283,0.0,-0.004533340724443713
2023-08-14,-0.008129120118753778,0.0,0.004277614074716283
2023-08-15,-0.016193584838703763,0.0,-0.008129120118753778
2023-08-16,-0.07362412009606191,0.0,-0.016193584838703763
2023-08-17,-0.023334248653811243,0.0,-0.07362412009606191
2023-08-18,0.0017891559507894222,0.0,-0.023334248653811243
2023-08-19,0.003571869420107809,0.0,0.0017891559507894222
2023-08-20,-0.002501958864606914,0.0,0.003571869420107809
2023-08-21,-0.0035464695192522202,0.0,-0.002501958864606914
2023-08-22,0.015248455549160829,0.0,-0.0035464695192522202
2023-08-23,-0.01023956576112509,0.0,0.015248455549160829
2023-08-24,-0.004393992436939317,0.0,-0.01023956576112509
2023-08-25,-0.0015062619864454853,0.0,-0.004393992436939317
2023-08-26,0.003118365040993392,0.0,-0.0015062619864454853
2023-08-27,0.0006305878251208892,0.0,0.003118365040993392
2023-08-28,0.060249892570851026,0.0,0.0006305878251208892
2023-08-29,-0.015634289371322937,0.0,0.060249892570851026
2023-08-30,-0.05132914544958933,0.0,-0.015634289371322937
2023-08-31,-0.005054814300673318,0.0,-0.05132914544958933
2023-09-01,0.0026349868784771645,0.0,-0.005054814300673318
2023-09-02,0.0038877655416867615,0.0,0.0026349868784771645
2023-09-03,-0.006069712504034206,0.0,0.0038877655416867615
2023-09-04,-0.0012573014244295709,0.0,-0.006069712504034206
2023-09-05,-0.001038013801593385,0.0,-0.0012573014244295709
2023-09-06,0.01873210550195057,0.0,-0.001038013801593385
2023-09-07,-0.012831149860508746,0.0,0.01873210550195057
2023-09-08,-0.00038518556307899995,0.0,-0.012831149860508746
2023-09-09,-0.0024532679048573473,0.0,-0.00038518556307899995
2023-09-10,-0.026261881067480307,0.0,-0.0024532679048573473
2023-09-11,0.0263051279529175,0.0,-0.026261881067480307
2023-09-12,0.015173852958685846,0.0,0.0263051279529175
2023-09-13,0.011800835130971608,0.0,0.015173852958685846
2023-09-14,0.0025972414093191217,0.0,0.011800835130971608
2023-09-15,-0.0015199103541191222,0.0,0.0025972414093191217
2023-09-16,-0.0012840741866492755,0.0,-0.0015199103541191222
2023-09-17,0.008260511389751386,0.0,-0.0012840741866492755
2023-09-18,0.016931102662432373,0.0,0.008260511389751386
2023-09-19,-0.0029114788993918343,0.0,0.016931102662432373
2023-09-20,-0.021020467716698094,0.0,-0.0029114788993918343
2023-09-21,0.0004491505408555205,0.0,-0.021020467716698094
2023-09-22,-6.686902016047694e-06,0.0,0.0004491505408555205
2023-09-23,-0.012210127075315798,0.0,-6.686902016047694e-06
2023-09-24,0.001585160786217759,0.0,-0.012210127075315798
2023-09-25,-0.003093569595525136,0.0,0.001585160786217759
2023-09-26,0.005153782852789497,0.0,-0.003093569595525136
2023-09-27,0.02506320623495958,0.0,0.005153782852789497
2023-09-28,-0.004072674570297436,0.0,0.02506320623495958
2023-09-29,0.002085958120685116,0.0,-0.004072674570297436
2023-09-30,0.036976120856382695,0.0,0.002085958120685116
2023-10-01,-0.01631914578851585,0.0,0.036976120856382695
2023-10-02,-0.0036683170659445614,0.0,-0.01631914578851585
2023-10-03,0.013377719302482879,0.0,-0.0036683170659445614
2023-10-04,-0.013890662255842758,0.0,0.013377719302482879
2023-10-05,0.019171883788155934,0.0,-0.013890662255842758
2023-10-06,0.0007955652201821253,0.0,0.019171883788155934
2023-10-07,-0.0012074286830624696,0.0,0.0007955652201821253
2023-10-08,-0.012659387727925962,0.0,-0.0012074286830624696
2023-10-09,-0.0070090060125914885,0.0,-0.012659387727925962
2023-10-10,-0.019081220842271783,0.0,-0.0070090060125914885
2023-10-11,-0.00434538164717781,0.0,-0.019081220842271783
2023-10-12,0.0039380057832304975,0.0,-0.00434538164717781
2023-10-13,-2.4866641728645306e-05,0.0,0.0039380057832304975
2023-10-14,0.011030760315870677,0.0,-2.4866641728645306e-05
2023-10-15,0.04885439730476576,0.0,0.011030760315870677
2023-10-16,-0.0036433994327744555,0.0,0.04885439730476576
2023-10-17,-0.0030807197496875486,0.0,-0.0036433994327744555
2023-10-18,0.013724231161473081,0.0,-0.0030807197496875486
2023-10-19,0.03298576898255148,0.0,0.013724231161473081
2023-10-20,0.007901299916077796,0.0,0.03298576898255148
2023-10-21,0.002519829955235934,0.0,0.007901299916077796
2023-10-22,0.09812340552916099,0.0,0.002519829955235934
2023-10-23,0.024342751787773464,0.0,0.09812340552916099
2023-10-24,0.017581001125127033,0.0,0.024342751787773464
2023-10-25,-0.010083818433932462,0.0,0.017581001125127033
2023-10-26,-0.007253169256571986,0.0,-0.010083818433932462
2023-10-27,0.0052875149613998505,0.0,-0.007253169256571986
2023-10-28,0.013082482218137433,0.0,0.0052875149613998505
2023-10-29,-0.001046255776520464,0.0,0.013082482218137433
2023-10-30,0.004782938801692802,0.0,-0.001046255776520464
2023-10-31,0.021952875620689455,0.0,0.004782938801692802
2023-11-01,-0.014181643038139046,0.0,0.021952875620689455
2023-11-02,-0.005911206955145199,0.0,-0.014181643038139046
2023-11-03,0.010022958693683921,0.0,-0.005911206955145199
2023-11-04,-0.0009365213169939803,0.0,0.010022958693683921
2023-11-05,-0.0003419870125084872,0.0,-0.0009365213169939803
2023-11-06,0.011526405303600254,0.0,-0.0003419870125084872
2023-11-07,0.005955525293475274,0.0,0.011526405303600254
2023-11-08,0.02869223982446583,0.0,0.005955525293475274
2023-11-09,0.01677834605033404,0.0,0.02869223982446583
2023-11-10,-0.004725682318407844,0.0,0.01677834605033404
2023-11-11,-0.002251742592082081,0.0,-0.004725682318407844
2023-11-12,-0.015013537055029228,0.0,-0.002251742592082081
2023-11-13,-0.02678435783979465,0.0,-0.015013537055029228
2023-11-14,0.06384619927627835,0.0,-0.02678435783979465
2023-11-15,-0.046629756190665436,0.0,0.06384619927627835
2023-11-16,0.01214874696667944,0.0,-0.046629756190665436
2023-11-17,-0.000300085015663709,0.0,0.01214874696667944
2023-11-18,0.021653391391504333,0.0,-0.000300085015663709
2023-11-19,0.002415334454994771,0.0,0.021653391391504333
2023-11-20,-0.045392621921948366,0.0,0.002415334454994771
2023-11-21,0.04420138946783627,0.0,-0.045392621921948366
2023-11-22,-0.003819999415433914,0.0,0.04420138946783627
2023-11-23,0.01148288092363248,0.0,-0.003819999415433914
2023-11-24,0.002026342935600158,0.0,0.01148288092363248
2023-11-25,-0.00844024984109134,0.0,0.002026342935600158
2023-11-26,-0.00602017674392167,0.0,-0.00844024984109134
2023-11-27,0.015367313611233842,0.0,-0.00602017674392167
2023-11-28,0.0007241750284948421,0.0,0.015367313611233842
2023-11-29,-0.0038571889984724806,0.0,0.0007241750284948421
2023-11-30,0.02555073011462817,0.0,-0.0038571889984724806
2023-12-01,0.020152443138720524,0.0,0.02555073011462817
2023-12-02,0.012637770520489717,0.0,0.020152443138720524
2023-12-03,0.04885656688656327,0.0,0.012637770520489717
2023-12-04,0.04882523455973004,0.0,0.04885656688656327
2023-12-05,-0.007610515703398493,0.0,0.04882523455973004
2023-12-06,-0.010427160036986542,0.0,-0.007610515703398493
2023-12-07,0.01998568323480024,0.0,-0.010427160036986542
2023-12-08,-0.010026349184727985,0.0,0.01998568323480024
2023-12-09,0.001227688266422679,0.0,-0.010026349184727985
2023-12-10,-0.05966864669683699,0.0,0.001227688266422679
2023-12-11,0.004991678164292342,0.0,-0.05966864669683699
2023-12-12,0.03416274957103686,0.0,0.004991678164292342
2023-12-13,0.003101461159203954,0.0,0.03416274957103686
2023-12-14,-0.025761678809584642,0.0,0.003101461159203954
2023-12-15,0.007374628549158558,0.0,-0.025761678809584642
2023-12-16,-0.02094342240847231,0.0,0.007374628549158558
2023-12-17,0.029979669511789556,0.0,-0.02094342240847231
2023-12-18,-0.008316570718615267,0.0,0.029979669511789556
2023-12-19,0.032164737244750545,0.0,-0.008316570718615267
2023-12-20,0.0049565656400486135,0.0,0.032164737244750545
2023-12-21,0.0029305657871948458,0.0,0.0049565656400486135
2023-12-22,-0.005889392398977758,0.0,0.0029305657871948458
2023-12-23,-0.016677702596480784,0.0,-0.005889392398977758
2023-12-24,0.013783631646973108,0.0,-0.016677702596480784
2023-12-25,-0.025374479539831175,0.0,0.013783631646973108
2023-12-26,0.021462391204340153,0.0,-0.025374479539831175
2023-12-27,-0.018938483263033618,0.0,0.021462391204340153
2023-12-28,-0.01247437935200907,0.0,-0.018938483263033618
2023-12-29,0.001364883236683238,0.0,-0.01247437935200907
2023-12-30,0.0025653289520551383,0.0,0.001364883236683238
